店舗名,県名,地域名
パーラーオリエント秋川店,東京都,あきる野市
トワーズ羽村店,東京都,羽村市
アムディ亀有,東京都,葛飾区
エスパス1300新小岩北口駅前店,東京都,葛飾区
オーパス・ワンアネックス立石店,東京都,葛飾区
オーパス・ワン立石店,東京都,葛飾区
ジャラン水元店,東京都,葛飾区
フォーチュンお花茶屋店,東京都,葛飾区
マルハン亀有店,東京都,葛飾区
メッセ奥戸店,東京都,葛飾区
遊劇場3,東京都,葛飾区
遊劇場Ⅱ,東京都,葛飾区
アイオン西葛西店,東京都,江戸川区
ウエスタン葛西店,東京都,江戸川区
ウエスタン環七南葛西店,東京都,江戸川区
ウエスタン西葛西店,東京都,江戸川区
ガイア瑞江Ⅱ,東京都,江戸川区
ガイア瑞江店,東京都,江戸川区
キコーナ平井店,東京都,江戸川区
コア21,東京都,江戸川区
サンパレス環七大杉店,東京都,江戸川区
ニュー今津屋船堀店,東京都,江戸川区
パラッツォ葛西店,東京都,江戸川区
プライム平井,東京都,江戸川区
ベルシティ/ザシティ篠崎店,東京都,江戸川区
ベルシティザシティ篠崎南口0,東京都,江戸川区
ベルシティザシティ篠崎南口1,東京都,江戸川区
マルハン小岩店,東京都,江戸川区
メッセ西葛西,東京都,江戸川区
123+N東雲店,東京都,江東区
BIGディッパー門前仲町店,東京都,江東区
TOYO HALL,東京都,江東区
ガイア大島店,東京都,江東区
グランドシップ,東京都,江東区
スパークル亀戸店,東京都,江東区
パーラーアサヒ,東京都,江東区
BIGディッパー新橋1号店,東京都,港区
BIGディッパー新橋2号店,東京都,港区
エスパス日拓赤坂見附駅前新館,東京都,港区
ピーアーク三田,東京都,港区
新橋UNO,東京都,港区
BBステーション日暮里店,東京都,荒川区
ウインベル・イースト・スロット,東京都,荒川区
コンサートホール荒川,東京都,荒川区
サンラッキー三ノ輪店,東京都,荒川区
ダイナム西日暮里スロット館,東京都,荒川区
メッセ南千住店,東京都,荒川区
メッセ三鷹店,東京都,三鷹市
123笹塚店,東京都,渋谷区
アサヒ幡ヶ谷2号店,東京都,渋谷区
エスパス日拓渋谷駅前新館,東京都,渋谷区
メッセ笹塚,東京都,渋谷区
楽園渋谷駅前店,東京都,渋谷区
楽園渋谷道玄坂店,東京都,渋谷区
ガイアネクスト東小金井店,東京都,小金井市
ダイヤモンド本店,東京都,小金井市
BIGディッパー花小金井店,東京都,小平市
マルハン昭島店,東京都,昭島市
メッセ昭島店,東京都,昭島市
エスパス日拓高田馬場本店,東京都,新宿区
エスパス日拓新宿歌舞伎町店,東京都,新宿区
エスパス日拓新大久保駅前店,東京都,新宿区
エスパス日拓西武新宿駅前,東京都,新宿区
カレイド新宿店,東京都,新宿区
キコーナ新宿三丁目店,東京都,新宿区
ベガスベガス新宿東南口店,東京都,新宿区
マルハン新宿東宝ビル店,東京都,新宿区
国際センター高田馬場店,東京都,新宿区
オーパ阿佐ヶ谷,東京都,杉並区
オーパ荻窪店,東京都,杉並区
パーラースーパーセブン新高円寺店,東京都,杉並区
ヒノマル下井草店,東京都,杉並区
ミリオン高円寺22号店,東京都,杉並区
メッセ荻窪店新館,東京都,杉並区
メッセ荻窪店本館,東京都,杉並区
メッセ高円寺店,東京都,杉並区
メッセ西荻窪店,東京都,杉並区
阿佐ヶ谷オーシャン,東京都,杉並区
AQUA H2O,東京都,世田谷区
ガイアネクスト三軒茶屋I,東京都,世田谷区
ガイアネクスト三軒茶屋II,東京都,世田谷区
ガイア経堂店,東京都,世田谷区
カレイド下北沢店,東京都,世田谷区
カレイド経堂店,東京都,世田谷区
キングNo.1世田谷店,東京都,世田谷区
ゴードン祖師谷店,東京都,世田谷区
ゴールド二子玉川店,東京都,世田谷区
メガガイア明大前店,東京都,世田谷区
パラッツォ秋津店,東京都,清瀬市
ライオン,東京都,清瀬市
清瀬UNO,東京都,清瀬市
グランド ラ・カータ1111瑞穂店,東京都,西多摩郡
スーパースロットサンフラワー+,東京都,西多摩郡
スロットエランドール田無店,東京都,西東京市
やすだひばりヶ丘店,東京都,西東京市
出玉王田無店,東京都,西東京市
オリエントヴィーナスホール,東京都,青梅市
トワーズ青梅IC店,東京都,青梅市
マルハン青梅新町店,東京都,青梅市
アイランド秋葉原店,東京都,千代田区
エスパス日拓秋葉原駅前店,東京都,千代田区
サイバーパチンコ秋葉原昭和通り口店,東京都,千代田区
ジャンボ,東京都,千代田区
みとや神田西口店,東京都,千代田区
みとや水道橋,東京都,千代田区
秋葉原UNO,東京都,千代田区
飯田橋プレサス,東京都,千代田区
有楽町DUO,東京都,千代田区
有楽町ウノ,東京都,千代田区
キューデン・アネックス,東京都,足立区
キューデン東口店,東京都,足立区
コンサートホール北千住,東京都,足立区
ジャラン谷在家店,東京都,足立区
ニュークラウン綾瀬店,東京都,足立区
ニューグランド保木間店,東京都,足立区
ニュースター一ツ家店,東京都,足立区
ニュー今津屋入谷店,東京都,足立区
ピーアーク竹ノ塚スタジオ,東京都,足立区
ピーアーク北綾瀬駅前,東京都,足立区
ピーアーク北千住,東京都,足立区
ピーアーク北千住SSS,東京都,足立区
マルハン鹿浜店,東京都,足立区
メッセ扇店,東京都,足立区
メッセ竹の塚,東京都,足立区
ゴードン永山店,東京都,多摩市
ドキわくランド聖蹟桜ヶ丘店,東京都,多摩市
マイニチWOW´ON,東京都,多摩市
アミューズ浅草店,東京都,台東区
エスパス日拓上野新館,東京都,台東区
エスパス日拓上野本館,東京都,台東区
ジャラン浅草店,東京都,台東区
みとや浅草千束店,東京都,台東区
みとや鶯谷M-2店,東京都,台東区
楽園アメ横店,東京都,台東区
三ノ輪UNO,東京都,台東区
ARROW池上店,東京都,大田区
キコーナ蒲田店,東京都,大田区
ヒロキMAX蒲田店,東京都,大田区
ヒロキ蒲田西口店,東京都,大田区
ヒロキ東口店,東京都,大田区
マルハンメガシティ2000 蒲田1,東京都,大田区
マルハンメガシティ2000蒲田7,東京都,大田区
みとや大森町店,東京都,大田区
レイトギャップ,東京都,大田区
楽園蒲田店,東京都,大田区
京浜ホール,東京都,大田区
金時蒲田東口店,東京都,大田区
金時京急蒲田店,東京都,大田区
金時大森駅東口店,東京都,大田区
BIGディッパー東中野店,東京都,中野区
オークラ新中野店,東京都,中野区
グランパ中野,東京都,中野区
コンサートホール野方,東京都,中野区
サンラッキー野方店,東京都,中野区
パーラースーパーセブン新中野店,東京都,中野区
新世界,東京都,中野区
オーパス・ワン成瀬店,東京都,町田市
チャレンジャー野津田,東京都,町田市
楽園町田店,東京都,町田市
MGM国領店,東京都,調布市
コンサートホール調布,東京都,調布市
ジャンジャンマールゴット調布国領駅前店,東京都,調布市
つつじヶ丘ワールド,東京都,調布市
メガガイア調布店,東京都,調布市
仙川UNO,東京都,調布市
オータ東久留米店,東京都,東久留米市
トワーズ東久留米店,東京都,東久留米市
デルパラ9東村山店,東京都,東村山市
マルハンメガシティ東大和,東京都,東大和市
アイオン豊田店,東京都,日野市
ジャンジャンマールゴット日野駅前店,東京都,日野市
マルハン日野店,東京都,日野市
SAP日野,東京都,八王子市
SAP北野,東京都,八王子市
ガリレオ,東京都,八王子市
ジアス南大沢,東京都,八王子市
デルパラ10南大沢店,東京都,八王子市
トワーズ四谷店,東京都,八王子市
トワーズ西八店,東京都,八王子市
パーラーコスミック八王子2号店,東京都,八王子市
マルハン八王子四谷店,東京都,八王子市
YASUDA5,東京都,板橋区
エクサファースト,東京都,板橋区
クラウン 東京都,東京都,板橋区
コンサートホールエフ成増,東京都,板橋区
コンサートホール志村,東京都,板橋区
ジャラン高島平店,東京都,板橋区
パーラーディオス下赤塚本店,東京都,板橋区
パチンコ大王 高島平店,東京都,板橋区
パラッツォ志村店,東京都,板橋区
プラザ西台,東京都,板橋区
マルハン大山店,東京都,板橋区
やすだ仲宿店,東京都,板橋区
楽園ハッピーロード大山,東京都,板橋区
将軍下赤塚店,東京都,板橋区
大山オーシャン,東京都,板橋区
BIGディッパー戸越銀座店,東京都,品川区
BIGディッパー大井町店,東京都,品川区
DAS小山,東京都,品川区
DELFEEL NEW TOKYO,東京都,品川区
エムディー目黒,東京都,品川区
エンジェル本店,東京都,品川区
グランポート青物横丁店,東京都,品川区
ジャラン五反田店,東京都,品川区
フルハウス戸越公園店,東京都,品川区
フルハウス中延店,東京都,品川区
戸越ミナト,東京都,品川区
大井ニュー東京東口店,東京都,品川区
キコーナ府中店,東京都,府中市
クリエ府中西原店,東京都,府中市
ジャンジャンマールゴット分倍河原駅前,東京都,府中市
スパークルV,東京都,府中市
スパークル府中,東京都,府中市
ドキわくランド中河原駅前店,東京都,府中市
メッセ吉祥寺店,東京都,武蔵野市
メッセ武蔵境店,東京都,武蔵野市
P-PORT PREGO EX池袋南口,東京都,豊島区
TOHO池袋店,東京都,豊島区
YASUDA7,東京都,豊島区
YASUDA9,東京都,豊島区
ガイア大塚北口店,東京都,豊島区
スマートプレゴ池袋,東京都,豊島区
パラッツォ千川店,東京都,豊島区
マルハン池袋SLOT BASE,東京都,豊島区
マルハン池袋店,東京都,豊島区
やすだ西池袋6号店,東京都,豊島区
楽園池袋店グリーンサイド,東京都,豊島区
巣鴨会館,東京都,豊島区
DAS東十条店,東京都,北区
K-1赤羽店,東京都,北区
アバンザ十条,東京都,北区
アミューズメントパークジュラク2,東京都,北区
ジュラク王子店,東京都,北区
ベラジオ東十条店,東京都,北区
王子龍龍,東京都,北区
エクスアリーナ東京,東京都,墨田区
ガイア曳舟,東京都,墨田区
マルホン,東京都,墨田区
みとやジャックポット錦糸町,東京都,墨田区
みとや錦糸町南口店,東京都,墨田区
みとや錦糸町北口店,東京都,墨田区
オリエンタルパサージュ自由が丘,東京都,目黒区
レッドロック学芸大学駅前店,東京都,目黒区
P-PORT PREGO立川店,東京都,立川市
SAP立川店,東京都,立川市
ハイパージアス立川,東京都,立川市
楽園立川店,東京都,立川市
ガイア大泉学園店,東京都,練馬区
ガイア富士見台南口店,東京都,練馬区
コスモ光が丘店,東京都,練馬区
ニューグランド貫井店,東京都,練馬区
ミリオン石神井公園店スロット館,東京都,練馬区
ミリオン東武練馬店スロット館,東京都,練馬区
ミリオン平和台16号店,東京都,練馬区
国際センター中村橋店,東京都,練馬区
練馬オーシャン,東京都,練馬区
ワンダーランドうきはバイパス店,福岡県,うきは市
ワンダーランド吉井店,福岡県,うきは市
ワンダーランド高田店,福岡県,みやま市
21世紀水巻店,福岡県,遠賀郡
グランロッキーII,福岡県,遠賀郡
MJアリーナ久留米店,福岡県,久留米市
キャロル96津福本店,福岡県,久留米市
ワンダーランド770東合川店,福岡県,久留米市
ワンダーランド三潴店,福岡県,久留米市
MGM苅田店,福岡県,京都郡
P-TOWN苅田店,福岡県,京都郡
マルハン苅田店,福岡県,京都郡
クラブハウス古賀支店,福岡県,古賀市
古賀プラザ,福岡県,古賀市
ワンダーランド1188大刀洗店,福岡県,三井郡
銀玉ブティックひばり前原店,福岡県,糸島市
玉屋宗像店,福岡県,宗像市
Aパーク春日店,福岡県,春日市
MJアリーナ井尻店,福岡県,春日市
ワンダーランド小郡三沢店,福岡県,小郡市
Eスペース600空港店,福岡県,糟屋郡
Eスペース篠栗店,福岡県,糟屋郡
HINODE志免店,福岡県,糟屋郡
MJアリーナ志免店,福岡県,糟屋郡
ワンダーランド1188福岡東店,福岡県,糟屋郡
ワンダーランド須恵店,福岡県,糟屋郡
玉屋新宮店,福岡県,糟屋郡
マルハン大川店,福岡県,大川市
ワンダーランド大川店,福岡県,大川市
マルハン大牟田銀水店,福岡県,大牟田市
ワンダーランドメタルポリス,福岡県,大牟田市
ワンダーランド日出町店,福岡県,大牟田市
HINODE大野城店,福岡県,大野城市
ビームヒカリ,福岡県,大野城市
ワンダーランド南ヶ丘店,福岡県,大野城市
那珂川キング本店,福岡県,筑紫郡
スーパーDステーション39筑紫野店,福岡県,筑紫野市
メガビーム朝倉999,福岡県,朝倉郡
ブロス甘木店,福岡県,朝倉市
メッカ朝倉店,福岡県,朝倉市
クラブハウス川崎支店,福岡県,田川郡
キング2,福岡県,那珂川市
那珂川ゴールデンラッキー,福岡県,那珂川市
ビーム八女,福岡県,八女市
クラブハウス庄内支店,福岡県,飯塚市
クラブハウス本店,福岡県,飯塚市
CORONA500,福岡県,福岡市城南区
MJ長尾,福岡県,福岡市城南区
荒江プラザ,福岡県,福岡市城南区
アウトバーンブリッツ,福岡県,福岡市西区
パーラーゾーン姪浜,福岡県,福岡市西区
ワンダーランド小戸本館,福岡県,福岡市西区
MJアリーナ干隈店,福岡県,福岡市早良区
ビーム原333,福岡県,福岡市早良区
ワンダーランド西新,福岡県,福岡市早良区
玉屋室見店,福岡県,福岡市早良区
BOOM天神本店,福岡県,福岡市中央区
GOGOアリーナ天神,福岡県,福岡市中央区
エムザス,福岡県,福岡市中央区
エムザス小笹店,福岡県,福岡市中央区
プラザ長浜,福岡県,福岡市中央区
プラザ天神,福岡県,福岡市中央区
玉屋本店,福岡県,福岡市中央区
A-SLOT333,福岡県,福岡市東区
MJアリーナ箱崎店,福岡県,福岡市東区
マルハン二又瀬店,福岡県,福岡市東区
マルハン箱崎店,福岡県,福岡市東区
ワンダーランド香椎II,福岡県,福岡市東区
ワンダーランド香椎本館,福岡県,福岡市東区
A-PARK屋形原,福岡県,福岡市南区
SLOT玉屋222中尾,福岡県,福岡市南区
スロットまるみつ大橋店,福岡県,福岡市南区
ワンダーランド百年橋店,福岡県,福岡市南区
玉屋555大橋店,福岡県,福岡市南区
123博多店,福岡県,福岡市博多区
GION 1・1,福岡県,福岡市博多区
MJアリーナ空港店,福岡県,福岡市博多区
MJアリーナ板付店,福岡県,福岡市博多区
ひばり吉塚店,福岡県,福岡市博多区
プラザ3,福岡県,福岡市博多区
プラザ博多,福岡県,福岡市博多区
プラザ本店,福岡県,福岡市博多区
プラザ本店II,福岡県,福岡市博多区
玉屋409雑餉隈,福岡県,福岡市博多区
がちゃぽん戸畑店,福岡県,北九州市戸畑区
スペース666,福岡県,北九州市戸畑区
FORE若松本店,福岡県,北九州市若松区
オーパ徳力南店,福岡県,北九州市小倉南区
スロットまるみつ葛原店,福岡県,北九州市小倉南区
APRO.7,福岡県,北九州市小倉北区
パーラー21世紀楠橋店,福岡県,北九州市八幡西区
ベルエアMAX本城店,福岡県,北九州市八幡西区
マルハン本城店,福岡県,北九州市八幡西区
太陽会館,福岡県,北九州市八幡西区
ワンダーランド柳川,福岡県,柳川市
